Workbook

Sheet Read me
A1: Trend analysis
A2: Scope | B2: Regular items only (One Shots are out of the cases and out of every group sum). Houses: Gucci, Kylie Frag, Kylie MU.
A3: Trend | B3: Sold over the last N closed months (6M or 12M) against the same months a year earlier. Sell-in = Actuals (empty = 0). Sell-out = EPOS, 0 or empty = no data, paired code by code (a month counts only with EPOS > 0 that month and 12 months before). Levels: the code (EAN), its product line (PL), its brand, its house; Cascade = the EAN's sell-out, else its PL's, else its brand's, else its house's. Trend capped at ±50%.
A4: Horizon | B4: Months counted from the snapshot, cumulative: 3M = months 1–3 (WAPE90), 6M = 1–6, 9M = 1–9, 12M = 1–12. Only snapshots whose months have all closed.
A5: Moved | B5: Sold − same months last year, in units, per code.
A6: Anticipated | B6: Last year × trend, in units, per code.
A7: Reliability (like WAPE) | B7: 1 − Σ|moved − anticipated| ÷ Σ|moved|. 100% = the trend saw all of the movement; 0% = same as assuming no change; below 0 = it misleads. In units, so big codes weigh more.
A8: Bias (pts, like SPP) | B8: Σ sign(trend) × (moved − anticipated) ÷ Σ last year, in growth points. Positive = reality went further than the trend in its direction (−5% → −7% is +2; +15% → +20% is +5); negative = it fell short (−5% → −4% is −1; +15% → +10% is −5). Cases with a trend of 0 don't count.
A9: Median of the snapshots | B9: Reliability and bias are computed in each snapshot and the sheet 'Reliability' shows their median, min and max. 'Pooled' adds up every snapshot first (formula on 'By snapshot').
A10: Snapshots | B10: A snapshot counts with at least 5 codes having the trend. Under 20 codes per snapshot (median) the row is flagged as indicative (Kylie Frag).
A11: 12M (long history) | B11: Sell-in only: only one snapshot (2025.M09) has 12 months closed, so every month of the latest file is also used as a starting point (2024–25).
A12: Perimeter | B12: Sold and last year come from the latest snapshot that has the code (same perimeter, after the 2026.M02 restatement); the trend comes from what each snapshot showed.
A13: Matrix | B13: Same trends applied to a forecast. Common base = last 12 months' volume ÷ 12 × the House seasonal index (2 years). Full = base × (1 + T); Half = base × (1 + T/2); Over time = each month grows from the centre of the mean (6.5 months back) to that month; Last year = same months LY × (1 + T). WAPE change = WAPE with trend − WAPE of the same base without trend, same cases (negative = better). % met = cases where sold landed between 0.8× and 1.2× of the forecast. 50/50 rows: trend = 0.5 × sell-in + 0.5 × sell-out.
A14: Source | B14: O10 repo, scripts/tendencias_05_fiabilidad.py and scripts/tendencias_04_matriz.py, from the Consensus CSV snapshots in data/<House>/Consensus/.

Sheet Reliability
A1: House | B1: Signal | C1: Level | D1: Trend length | E1: Horizon | F1: Months | G1: Reliability (median) | H1: Reliability min | I1: Reliability max | J1: Reliability pooled | K1: Bias pts (median) | L1: Bias min | M1: Bias max | N1: Bias pooled | O1: Snapshots | P1: Codes | Q1: Cases | R1: Indicative
A2: All houses | B2: Sell-out (EPOS) | C2: EAN | D2: 6M | E2: 3M | F2: months 1–3 | G2: 0.18054796 | H2: 0.048548565 | I2: 0.2216599 | J2: =IFERROR(1-SUMIFS('By snapshot'!$J$2:$J$1693,'By snapshot'!$A$2:$A$1693,$A2,'By snapshot'!$B$2:$B$1693,$B2,'By snapshot'!$C$2:$C$1693,$C2,'By snapshot'!$D$2:$D$1693,$D2,'By snapshot'!$E$2:$E$1693,$E2)/SUMIFS('By snapshot'!$K$2:$K$1693,'By snapshot'!$A$2:$A$1693,$A2,'By snapshot'!$B$2:$B$1693,$B2,'By snapshot'!$C$2:$C$1693,$C2,'By snapshot'!$D$2:$D$1693,$D2,'By snapshot'!$E$2:$E$1693,$E2),"") -> 0.14969508 | K2: 10.576006 | L2: -5.5444094 | M2: 16.120557 | N2: =IFERROR(SUMIFS('By snapshot'!$L$2:$L$1693,'By snapshot'!$A$2:$A$1693,$A2,'By snapshot'!$B$2:$B$1693,$B2,'By snapshot'!$C$2:$C$1693,$C2,'By snapshot'!$D$2:$D$1693,$D2,'By snapshot'!$E$2:$E$1693,$E2)/SUMIFS('By snapshot'!$M$2:$M$1693,'By snapshot'!$A$2:$A$1693,$A2,'By snapshot'!$B$2:$B$1693,$B2,'By snapshot'!$C$2:$C$1693,$C2,'By snapshot'!$D$2:$D$1693,$D2,'By snapshot'!$E$2:$E$1693,$E2)*100,"") -> 6.0372473 | O2: 9 | P2: 410 | Q2: 3156
A3: All houses | B3: Sell-out (EPOS) | C3: EAN | D3: 6M | E3: 6M | F3: months 1–6 | G3: 0.12676172 | H3: 0.096777005 | I3: 0.23959136 | J3: =IFERROR(1-SUMIFS('By snapshot'!$J$2:$J$1693,'By snapshot'!$A$2:$A$1693,$A3,'By snapshot'!$B$2:$B$1693,$B3,'By snapshot'!$C$2:$C$1693,$C3,'By snapshot'!$D$2:$D$1693,$D3,'By snapshot'!$E$2:$E$1693,$E3)/SUMIFS('By snapshot'!$K$2:$K$1693,'By snapshot'!$A$2:$A$1693,$A3,'By snapshot'!$B$2:$B$1693,$B3,'By snapshot'!$C$2:$C$1693,$C3,'By snapshot'!$D$2:$D$1693,$D3,'By snapshot'!$E$2:$E$1693,$E3),"") -> 0.14072104 | K3: 6.8457238 | L3: -2.4422378 | M3: 10.657204 | N3: =IFERROR(SUMIFS('By snapshot'!$L$2:$L$1693,'By snapshot'!$A$2:$A$1693,$A3,'By snapshot'!$B$2:$B$1693,$B3,'By snapshot'!$C$2:$C$1693,$C3,'By snapshot'!$D$2:$D$1693,$D3,'By snapshot'!$E$2:$E$1693,$E3)/SUMIFS('By snapshot'!$M$2:$M$1693,'By snapshot'!$A$2:$A$1693,$A3,'By snapshot'!$B$2:$B$1693,$B3,'By snapshot'!$C$2:$C$1693,$C3,'By snapshot'!$D$2:$D$1693,$D3,'By snapshot'!$E$2:$E$1693,$E3)*100,"") -> 4.9740298 | O3: 6 | P3: 364 | Q3: 2047
A4: All houses | B4: Sell-out (EPOS) | C4: EAN | D4: 6M | E4: 9M | F4: months 1–9 | G4: 0.15654525 | H4: 0.13869061 | I4: 0.19933945 | J4: =IFERROR(1-SUMIFS('By snapshot'!$J$2:$J$1693,'By snapshot'!$A$2:$A$1693,$A4,'By snapshot'!$B$2:$B$1693,$B4,'By snapshot'!$C$2:$C$1693,$C4,'By snapshot'!$D$2:$D$1693,$D4,'By snapshot'!$E$2:$E$1693,$E4)/SUMIFS('By snapshot'!$K$2:$K$1693,'By snapshot'!$A$2:$A$1693,$A4,'By snapshot'!$B$2:$B$1693,$B4,'By snapshot'!$C$2:$C$1693,$C4,'By snapshot'!$D$2:$D$1693,$D4,'By snapshot'!$E$2:$E$1693,$E4),"") -> 0.16520623 | K4: 2.2452955 | L4: 1.6440425 | M4: 3.1449591 | N4: =IFERROR(SUMIFS('By snapshot'!$L$2:$L$1693,'By snapshot'!$A$2:$A$1693,$A4,'By snapshot'!$B$2:$B$1693,$B4,'By snapshot'!$C$2:$C$1693,$C4,'By snapshot'!$D$2:$D$1693,$D4,'By snapshot'!$E$2:$E$1693,$E4)/SUMIFS('By snapshot'!$M$2:$M$1693,'By snapshot'!$A$2:$A$1693,$A4,'By snapshot'!$B$2:$B$1693,$B4,'By snapshot'!$C$2:$C$1693,$C4,'By snapshot'!$D$2:$D$1693,$D4,'By snapshot'!$E$2:$E$1693,$E4)*100,"") -> 2.3297879 | O4: 3 | P4: 343 | Q4: 992
A5: All houses | B5: Sell-out (EPOS) | C5: EAN | D5: 12M | E5: 3M | F5: months 1–3 | G5: 0.16704738 | H5: 0.060578423 | I5: 0.20836475 | J5: =IFERROR(1-SUMIFS('By snapshot'!$J$2:$J$1693,'By snapshot'!$A$2:$A$1693,$A5,'By snapshot'!$B$2:$B$1693,$B5,'By snapshot'!$C$2:$C$1693,$C5,'By snapshot'!$D$2:$D$1693,$D5,'By snapshot'!$E$2:$E$1693,$E5)/SUMIFS('By snapshot'!$K$2:$K$1693,'By snapshot'!$A$2:$A$1693,$A5,'By snapshot'!$B$2:$B$1693,$B5,'By snapshot'!$C$2:$C$1693,$C5,'By snapshot'!$D$2:$D$1693,$D5,'By snapshot'!$E$2:$E$1693,$E5),"") -> 0.13812439 | K5: 6.8454405 | L5: -10.329565 | M5: 19.828352 | N5: =IFERROR(SUMIFS('By snapshot'!$L$2:$L$1693,'By snapshot'!$A$2:$A$1693,$A5,'By snapshot'!$B$2:$B$1693,$B5,'By snapshot'!$C$2:$C$1693,$C5,'By snapshot'!$D$2:$D$1693,$D5,'By snapshot'!$E$2:$E$1693,$E5)/SUMIFS('By snapshot'!$M$2:$M$1693,'By snapshot'!$A$2:$A$1693,$A5,'By snapshot'!$B$2:$B$1693,$B5,'By snapshot'!$C$2:$C$1693,$C5,'By snapshot'!$D$2:$D$1693,$D5,'By snapshot'!$E$2:$E$1693,$E5)*100,"") -> 3.7765782 | O5: 6 | P5: 348 | Q5: 1917
A6: All houses | B6: Sell-out (EPOS) | C6: EAN | D6: 12M | E6: 6M | F6: months 1–6 | G6: 0.17000384 | H6: 0.1262574 | I6: 0.26178917 | J6: =IFERROR(1-SUMIFS('By snapshot'!$J$2:$J$1693,'By snapshot'!$A$2:$A$1693,$A6,'By snapshot'!$B$2:$B$1693,$B6,'By snapshot'!$C$2:$C$1693,$C6,'By snapshot'!$D$2:$D$1693,$D6,'By snapshot'!$E$2:$E$1693,$E6)/SUMIFS('By snapshot'!$K$2:$K$1693,'By snapshot'!$A$2:$A$1693,$A6,'By snapshot'!$B$2:$B$1693,$B6,'By snapshot'!$C$2:$C$1693,$C6,'By snapshot'!$D$2:$D$1693,$D6,'By snapshot'!$E$2:$E$1693,$E6),"") -> 0.18656325 | K6: 3.5935497 | L6: 0.90951072 | M6: 5.5835022 | N6: =IFERROR(SUMIFS('By snapshot'!$L$2:$L$1693,'By snapshot'!$A$2:$A$1693,$A6,'By snapshot'!$B$2:$B$1693,$B6,'By snapshot'!$C$2:$C$1693,$C6,'By snapshot'!$D$2:$D$1693,$D6,'By snapshot'!$E$2:$E$1693,$E6)/SUMIFS('By snapshot'!$M$2:$M$1693,'By snapshot'!$A$2:$A$1693,$A6,'By snapshot'!$B$2:$B$1693,$B6,'By snapshot'!$C$2:$C$1693,$C6,'By snapshot'!$D$2:$D$1693,$D6,'By snapshot'!$E$2:$E$1693,$E6)*100,"") -> 3.2976551 | O6: 3 | P6: 309 | Q6: 911
A7: All houses | B7: Sell-out (EPOS) | C7: PL | D7: 6M | E7: 3M | F7: months 1–3 | G7: 0.15341782 | H7: 0.022011467 | I7: 0.20664179 | J7: =IFERROR(1-SUMIFS('By snapshot'!$J$2:$J$1693,'By snapshot'!$A$2:$A$1693,$A7,'By snapshot'!$B$2:$B$1693,$B7,'By snapshot'!$C$2:$C$1693,$C7,'By snapshot'!$D$2:$D$1693,$D7,'By snapshot'!$E$2:$E$1693,$E7)/SUMIFS('By snapshot'!$K$2:$K$1693,'By snapshot'!$A$2:$A$1693,$A7,'By snapshot'!$B$2:$B$1693,$B7,'By snapshot'!$C$2:$C$1693,$C7,'By snapshot'!$D$2:$D$1693,$D7,'By snapshot'!$E$2:$E$1693,$E7),"") -> 0.14016689 | K7: 9.8955849 | L7: 0.45189574 | M7: 24.27029 | N7: =IFERROR(SUMIFS('By snapshot'!$L$2:$L$1693,'By snapshot'!$A$2:$A$1693,$A7,'By snapshot'!$B$2:$B$1693,$B7,'By snapshot'!$C$2:$C$1693,$C7,'By snapshot'!$D$2:$D$1693,$D7,'By snapshot'!$E$2:$E$1693,$E7)/SUMIFS('By snapshot'!$M$2:$M$1693,'By snapshot'!$A$2:$A$1693,$A7,'By snapshot'!$B$2:$B$1693,$B7,'By snapshot'!$C$2:$C$1693,$C7,'By snapshot'!$D$2:$D$1693,$D7,'By snapshot'!$E$2:$E$1693,$E7)*100,"") -> 10.352896 | O7: 9 | P7: 494 | Q7: 3957
A8: All houses | B8: Sell-out (EPOS) | C8: PL | D8: 6M | E8: 6M | F8: months 1–6 | G8: 0.11137148 | H8: 0.047680155 | I8: 0.19179325 | J8: =IFERROR(1-SUMIFS('By snapshot'!$J$2:$J$1693,'By snapshot'!$A$2:$A$1693,$A8,'By snapshot'!$B$2:$B$1693,$B8,'By snapshot'!$C$2:$C$1693,$C8,'By snapshot'!$D$2:$D$1693,$D8,'By snapshot'!$E$2:$E$1693,$E8)/SUMIFS('By snapshot'!$K$2:$K$1693,'By snapshot'!$A$2:$A$1693,$A8,'By snapshot'!$B$2:$B$1693,$B8,'By snapshot'!$C$2:$C$1693,$C8,'By snapshot'!$D$2:$D$1693,$D8,'By snapshot'!$E$2:$E$1693,$E8),"") -> 0.1153529 | K8: 8.6177191 | L8: -2.841162 | M8: 19.246086 | N8: =IFERROR(SUMIFS('By snapshot'!$L$2:$L$1693,'By snapshot'!$A$2:$A$1693,$A8,'By snapshot'!$B$2:$B$1693,$B8,'By snapshot'!$C$2:$C$1693,$C8,'By snapshot'!$D$2:$D$1693,$D8,'By snapshot'!$E$2:$E$1693,$E8)/SUMIFS('By snapshot'!$M$2:$M$1693,'By snapshot'!$A$2:$A$1693,$A8,'By snapshot'!$B$2:$B$1693,$B8,'By snapshot'!$C$2:$C$1693,$C8,'By snapshot'!$D$2:$D$1693,$D8,'By snapshot'!$E$2:$E$1693,$E8)*100,"") -> 8.2745473 | O8: 6 | P8: 463 | Q8: 2634
A9: All houses | B9: Sell-out (EPOS) | C9: PL | D9: 6M | E9: 9M | F9: months 1–9 | G9: 0.13747258 | H9: 0.1148339 | I9: 0.18681726 | J9: =IFERROR(1-SUMIFS('By snapshot'!$J$2:$J$1693,'By snapshot'!$A$2:$A$1693,$A9,'By snapshot'!$B$2:$B$1693,$B9,'By snapshot'!$C$2:$C$1693,$C9,'By snapshot'!$D$2:$D$1693,$D9,'By snapshot'!$E$2:$E$1693,$E9)/SUMIFS('By snapshot'!$K$2:$K$1693,'By snapshot'!$A$2:$A$1693,$A9,'By snapshot'!$B$2:$B$1693,$B9,'By snapshot'!$C$2:$C$1693,$C9,'By snapshot'!$D$2:$D$1693,$D9,'By snapshot'!$E$2:$E$1693,$E9),"") -> 0.1449173 | K9: 5.8484067 | L9: 0.21448845 | M9: 9.852497 | N9: =IFERROR(SUMIFS('By snapshot'!$L$2:$L$1693,'By snapshot'!$A$2:$A$1693,$A9,'By snapshot'!$B$2:$B$1693,$B9,'By snapshot'!$C$2:$C$1693,$C9,'By snapshot'!$D$2:$D$1693,$D9,'By snapshot'!$E$2:$E$1693,$E9)/SUMIFS('By snapshot'!$M$2:$M$1693,'By snapshot'!$A$2:$A$1693,$A9,'By snapshot'!$B$2:$B$1693,$B9,'By snapshot'!$C$2:$C$1693,$C9,'By snapshot'!$D$2:$D$1693,$D9,'By snapshot'!$E$2:$E$1693,$E9)*100,"") -> 5.3189763 | O9: 3 | P9: 443 | Q9: 1307
A10: All houses | B10: Sell-out (EPOS) | C10: PL | D10: 12M | E10: 3M | F10: months 1–3 | G10: 0.13957153 | H10: 0.036615226 | I10: 0.17846562 | J10: =IFERROR(1-SUMIFS('By snapshot'!$J$2:$J$1693,'By snapshot'!$A$2:$A$1693,$A10,'By snapshot'!$B$2:$B$1693,$B10,'By snapshot'!$C$2:$C$1693,$C10,'By snapshot'!$D$2:$D$1693,$D10,'By snapshot'!$E$2:$E$1693,$E10)/SUMIFS('By snapshot'!$K$2:$K$1693,'By snapshot'!$A$2:$A$1693,$A10,'By snapshot'!$B$2:$B$1693,$B10,'By snapshot'!$C$2:$C$1693,$C10,'By snapshot'!$D$2:$D$1693,$D10,'By snapshot'!$E$2:$E$1693,$E10),"") -> 0.12263401 | K10: 7.4464664 | L10: -7.6404189 | M10: 21.087301 | N10: =IFERROR(SUMIFS('By snapshot'!$L$2:$L$1693,'By snapshot'!$A$2:$A$1693,$A10,'By snapshot'!$B$2:$B$1693,$B10,'By snapshot'!$C$2:$C$1693,$C10,'By snapshot'!$D$2:$D$1693,$D10,'By snapshot'!$E$2:$E$1693,$E10)/SUMIFS('By snapshot'!$M$2:$M$1693,'By snapshot'!$A$2:$A$1693,$A10,'By snapshot'!$B$2:$B$1693,$B10,'By snapshot'!$C$2:$C$1693,$C10,'By snapshot'!$D$2:$D$1693,$D10,'By snapshot'!$E$2:$E$1693,$E10)*100,"") -> 5.2789686 | O10: 6 | P10: 444 | Q10: 2565
A11: All houses | B11: Sell-out (EPOS) | C11: PL | D11: 12M | E11: 6M | F11: months 1–6 | G11: 0.14982826 | H11: 0.08152844 | I11: 0.2250196 | J11: =IFERROR(1-SUMIFS('By snapshot'!$J$2:$J$1693,'By snapshot'!$A$2:$A$1693,$A11,'By snapshot'!$B$2:$B$1693,$B11,'By snapshot'!$C$2:$C$1693,$C11,'By snapshot'!$D$2:$D$1693,$D11,'By snapshot'!$E$2:$E$1693,$E11)/SUMIFS('By snapshot'!$K$2:$K$1693,'By snapshot'!$A$2:$A$1693,$A11,'By snapshot'!$B$2:$B$1693,$B11,'By snapshot'!$C$2:$C$1693,$C11,'By snapshot'!$D$2:$D$1693,$D11,'By snapshot'!$E$2:$E$1693,$E11),"") -> 0.15378689 | K11: 1.3016498 | L11: -0.85976744 | M11: 6.8379032 | N11: =IFERROR(SUMIFS('By snapshot'!$L$2:$L$1693,'By snapshot'!$A$2:$A$1693,$A11,'By snapshot'!$B$2:$B$1693,$B11,'By snapshot'!$C$2:$C$1693,$C11,'By snapshot'!$D$2:$D$1693,$D11,'By snapshot'!$E$2:$E$1693,$E11)/SUMIFS('By snapshot'!$M$2:$M$1693,'By snapshot'!$A$2:$A$1693,$A11,'By snapshot'!$B$2:$B$1693,$B11,'By snapshot'!$C$2:$C$1693,$C11,'By snapshot'!$D$2:$D$1693,$D11,'By snapshot'!$E$2:$E$1693,$E11)*100,"") -> 2.3630464 | O11: 3 | P11: 432 | Q11: 1277
A12: All houses | B12: Sell-out (EPOS) | C12: Brand | D12: 6M | E12: 3M | F12: months 1–3 | G12: 0.099953805 | H12: 0.047145079 | I12: 0.15244855 | J12: =IFERROR(1-SUMIFS('By snapshot'!$J$2:$J$1693,'By snapshot'!$A$2:$A$1693,$A12,'By snapshot'!$B$2:$B$1693,$B12,'By snapshot'!$C$2:$C$1693,$C12,'By snapshot'!$D$2:$D$1693,$D12,'By snapshot'!$E$2:$E$1693,$E12)/SUMIFS('By snapshot'!$K$2:$K$1693,'By snapshot'!$A$2:$A$1693,$A12,'By snapshot'!$B$2:$B$1693,$B12,'By snapshot'!$C$2:$C$1693,$C12,'By snapshot'!$D$2:$D$1693,$D12,'By snapshot'!$E$2:$E$1693,$E12),"") -> 0.099544161 | K12: 1.8029137 | L12: -5.2878062 | M12: 32.308798 | N12: =IFERROR(SUMIFS('By snapshot'!$L$2:$L$1693,'By snapshot'!$A$2:$A$1693,$A12,'By snapshot'!$B$2:$B$1693,$B12,'By snapshot'!$C$2:$C$1693,$C12,'By snapshot'!$D$2:$D$1693,$D12,'By snapshot'!$E$2:$E$1693,$E12)/SUMIFS('By snapshot'!$M$2:$M$1693,'By snapshot'!$A$2:$A$1693,$A12,'By snapshot'!$B$2:$B$1693,$B12,'By snapshot'!$C$2:$C$1693,$C12,'By snapshot'!$D$2:$D$1693,$D12,'By snapshot'!$E$2:$E$1693,$E12)*100,"") -> 8.8483856 | O12: 9 | P12: 543 | Q12: 4538
A13: All houses | B13: Sell-out (EPOS) | C13: Brand | D13: 6M | E13: 6M | F13: months 1–6 | G13: 0.11903278 | H13: 0.06045129 | I13: 0.20775238 | J13: =IFERROR(1-SUMIFS('By snapshot'!$J$2:$J$1693,'By snapshot'!$A$2:$A$1693,$A13,'By snapshot'!$B$2:$B$1693,$B13,'By snapshot'!$C$2:$C$1693,$C13,'By snapshot'!$D$2:$D$1693,$D13,'By snapshot'!$E$2:$E$1693,$E13)/SUMIFS('By snapshot'!$K$2:$K$1693,'By snapshot'!$A$2:$A$1693,$A13,'By snapshot'!$B$2:$B$1693,$B13,'By snapshot'!$C$2:$C$1693,$C13,'By snapshot'!$D$2:$D$1693,$D13,'By snapshot'!$E$2:$E$1693,$E13),"") -> 0.11221104 | K13: 9.4120263 | L13: 2.745217 | M13: 16.991361 | N13: =IFERROR(SUMIFS('By snapshot'!$L$2:$L$1693,'By snapshot'!$A$2:$A$1693,$A13,'By snapshot'!$B$2:$B$1693,$B13,'By snapshot'!$C$2:$C$1693,$C13,'By snapshot'!$D$2:$D$1693,$D13,'By snapshot'!$E$2:$E$1693,$E13)/SUMIFS('By snapshot'!$M$2:$M$1693,'By snapshot'!$A$2:$A$1693,$A13,'By snapshot'!$B$2:$B$1693,$B13,'By snapshot'!$C$2:$C$1693,$C13,'By snapshot'!$D$2:$D$1693,$D13,'By snapshot'!$E$2:$E$1693,$E13)*100,"") -> 9.9773398 | O13: 6 | P13: 532 | Q13: 3035
... A131: Gucci | B131: Sell-in | C131: House | D131: 12M | E131: 12M (long history) | F131: months 1–12, every month of the latest file as a starting point | G131: 0.13804222 | H131: -0.3052039 | I131: 0.25698289 | J131: =IFERROR(1-SUMIFS('By snapshot'!$J$2:$J$1693,'By snapshot'!$A$2:$A$1693,$A131,'By snapshot'!$B$2:$B$1693,$B131,'By snapshot'!$C$2:$C$1693,$C131,'By snapshot'!$D$2:$D$1693,$D131,'By snapshot'!$E$2:$E$1693,$E131)/SUMIFS('By snapshot'!$K$2:$K$1693,'By snapshot'!$A$2:$A$1693,$A131,'By snapshot'!$B$2:$B$1693,$B131,'By snapshot'!$C$2:$C$1693,$C131,'By snapshot'!$D$2:$D$1693,$D131,'By snapshot'!$E$2:$E$1693,$E131),"") -> 0.018097331 | K131: 2.9189499 | L131: -50.975887 | M131: 35.583026 | N131: =IFERROR(SUMIFS('By snapshot'!$L$2:$L$1693,'By snapshot'!$A$2:$A$1693,$A131,'By snapshot'!$B$2:$B$1693,$B131,'By snapshot'!$C$2:$C$1693,$C131,'By snapshot'!$D$2:$D$1693,$D131,'By snapshot'!$E$2:$E$1693,$E131)/SUMIFS('By snapshot'!$M$2:$M$1693,'By snapshot'!$A$2:$A$1693,$A131,'By snapshot'!$B$2:$B$1693,$B131,'By snapshot'!$C$2:$C$1693,$C131,'By snapshot'!$D$2:$D$1693,$D131,'By snapshot'!$E$2:$E$1693,$E131)*100,"") -> -6.4157467 | O131: 19 | P131: 168 | Q131: 2380
A132: Kylie Frag | B132: Sell-out (EPOS) | C132: EAN | D132: 6M | E132: 3M | F132: months 1–3 | G132: 0.20855613 | H132: -0.20630147 | I132: 0.69772167 | J132: =IFERROR(1-SUMIFS('By snapshot'!$J$2:$J$1693,'By snapshot'!$A$2:$A$1693,$A132,'By snapshot'!$B$2:$B$1693,$B132,'By snapshot'!$C$2:$C$1693,$C132,'By snapshot'!$D$2:$D$1693,$D132,'By snapshot'!$E$2:$E$1693,$E132)/SUMIFS('By snapshot'!$K$2:$K$1693,'By snapshot'!$A$2:$A$1693,$A132,'By snapshot'!$B$2:$B$1693,$B132,'By snapshot'!$C$2:$C$1693,$C132,'By snapshot'!$D$2:$D$1693,$D132,'By snapshot'!$E$2:$E$1693,$E132),"") -> 0.19693212 | K132: 3.2726686 | L132: -71.313337 | M132: 52.448546 | N132: =IFERROR(SUMIFS('By snapshot'!$L$2:$L$1693,'By snapshot'!$A$2:$A$1693,$A132,'By snapshot'!$B$2:$B$1693,$B132,'By snapshot'!$C$2:$C$1693,$C132,'By snapshot'!$D$2:$D$1693,$D132,'By snapshot'!$E$2:$E$1693,$E132)/SUMIFS('By snapshot'!$M$2:$M$1693,'By snapshot'!$A$2:$A$1693,$A132,'By snapshot'!$B$2:$B$1693,$B132,'By snapshot'!$C$2:$C$1693,$C132,'By snapshot'!$D$2:$D$1693,$D132,'By snapshot'!$E$2:$E$1693,$E132)*100,"") -> 3.4700067 | O132: 9 | P132: 9 | Q132: 53 | R132: yes
A133: Kylie Frag | B133: Sell-out (EPOS) | C133: EAN | D133: 6M | E133: 6M | F133: months 1–6 | G133: 0.23882229 | H133: 0.17652781 | I133: 0.36068837 | J133: =IFERROR(1-SUMIFS('By snapshot'!$J$2:$J$1693,'By snapshot'!$A$2:$A$1693,$A133,'By snapshot'!$B$2:$B$1693,$B133,'By snapshot'!$C$2:$C$1693,$C133,'By snapshot'!$D$2:$D$1693,$D133,'By snapshot'!$E$2:$E$1693,$E133)/SUMIFS('By snapshot'!$K$2:$K$1693,'By snapshot'!$A$2:$A$1693,$A133,'By snapshot'!$B$2:$B$1693,$B133,'By snapshot'!$C$2:$C$1693,$C133,'By snapshot'!$D$2:$D$1693,$D133,'By snapshot'!$E$2:$E$1693,$E133),"") -> 0.25962184 | K133: -5.9508128 | L133: -21.810507 | M133: 37.751688 | N133: =IFERROR(SUMIFS('By snapshot'!$L$2:$L$1693,'By snapshot'!$A$2:$A$1693,$A133,'By snapshot'!$B$2:$B$1693,$B133,'By snapshot'!$C$2:$C$1693,$C133,'By snapshot'!$D$2:$D$1693,$D133,'By snapshot'!$E$2:$E$1693,$E133)/SUMIFS('By snapshot'!$M$2:$M$1693,'By snapshot'!$A$2:$A$1693,$A133,'By snapshot'!$B$2:$B$1693,$B133,'By snapshot'!$C$2:$C$1693,$C133,'By snapshot'!$D$2:$D$1693,$D133,'By snapshot'!$E$2:$E$1693,$E133)*100,"") -> -0.96521214 | O133: 6 | P133: 5 | Q133: 30 | R133: yes
A134: Kylie Frag | B134: Sell-out (EPOS) | C134: EAN | D134: 6M | E134: 9M | F134: months 1–9 | G134: 0.25902289 | H134: 0.2471401 | I134: 0.33536613 | J134: =IFERROR(1-SUMIFS('By snapshot'!$J$2:$J$1693,'By snapshot'!$A$2:$A$1693,$A134,'By snapshot'!$B$2:$B$1693,$B134,'By snapshot'!$C$2:$C$1693,$C134,'By snapshot'!$D$2:$D$1693,$D134,'By snapshot'!$E$2:$E$1693,$E134)/SUMIFS('By snapshot'!$K$2:$K$1693,'By snapshot'!$A$2:$A$1693,$A134,'By snapshot'!$B$2:$B$1693,$B134,'By snapshot'!$C$2:$C$1693,$C134,'By snapshot'!$D$2:$D$1693,$D134,'By snapshot'!$E$2:$E$1693,$E134),"") -> 0.27709349 | K134: -15.448849 | L134: -19.35997 | M134: 0.90964317 | N134: =IFERROR(SUMIFS('By snapshot'!$L$2:$L$1693,'By snapshot'!$A$2:$A$1693,$A134,'By snapshot'!$B$2:$B$1693,$B134,'By snapshot'!$C$2:$C$1693,$C134,'By snapshot'!$D$2:$D$1693,$D134,'By snapshot'!$E$2:$E$1693,$E134)/SUMIFS('By snapshot'!$M$2:$M$1693,'By snapshot'!$A$2:$A$1693,$A134,'By snapshot'!$B$2:$B$1693,$B134,'By snapshot'!$C$2:$C$1693,$C134,'By snapshot'!$D$2:$D$1693,$D134,'By snapshot'!$E$2:$E$1693,$E134)*100,"") -> -10.4741 | O134: 3 | P134: 5 | Q134: 15 | R134: yes
A135: Kylie Frag | B135: Sell-out (EPOS) | C135: EAN | D135: 12M | E135: 3M | F135: months 1–3 | G135: 0.30293822 | H135: -0.3760303 | I135: 0.6835297 | J135: =IFERROR(1-SUMIFS('By snapshot'!$J$2:$J$1693,'By snapshot'!$A$2:$A$1693,$A135,'By snapshot'!$B$2:$B$1693,$B135,'By snapshot'!$C$2:$C$1693,$C135,'By snapshot'!$D$2:$D$1693,$D135,'By snapshot'!$E$2:$E$1693,$E135)/SUMIFS('By snapshot'!$K$2:$K$1693,'By snapshot'!$A$2:$A$1693,$A135,'By snapshot'!$B$2:$B$1693,$B135,'By snapshot'!$C$2:$C$1693,$C135,'By snapshot'!$D$2:$D$1693,$D135,'By snapshot'!$E$2:$E$1693,$E135),"") -> 0.18127313 | K135: 24.948002 | L135: -104.78095 | M135: 52.448546 | N135: =IFERROR(SUMIFS('By snapshot'!$L$2:$L$1693,'By snapshot'!$A$2:$A$1693,$A135,'By snapshot'!$B$2:$B$1693,$B135,'By snapshot'!$C$2:$C$1693,$C135,'By snapshot'!$D$2:$D$1693,$D135,'By snapshot'!$E$2:$E$1693,$E135)/SUMIFS('By snapshot'!$M$2:$M$1693,'By snapshot'!$A$2:$A$1693,$A135,'By snapshot'!$B$2:$B$1693,$B135,'By snapshot'!$C$2:$C$1693,$C135,'By snapshot'!$D$2:$D$1693,$D135,'By snapshot'!$E$2:$E$1693,$E135)*100,"") -> 11.203031 | O135: 6 | P135: 5 | Q135: 30 | R135: yes
A136: Kylie Frag | B136: Sell-out (EPOS) | C136: EAN | D136: 12M | E136: 6M | F136: months 1–6 | G136: 0.36068837 | H136: 0.24708637 | I136: 0.37519535 | J136: =IFERROR(1-SUMIFS('By snapshot'!$J$2:$J$1693,'By snapshot'!$A$2:$A$1693,$A136,'By snapshot'!$B$2:$B$1693,$B136,'By snapshot'!$C$2:$C$1693,$C136,'By snapshot'!$D$2:$D$1693,$D136,'By snapshot'!$E$2:$E$1693,$E136)/SUMIFS('By snapshot'!$K$2:$K$1693,'By snapshot'!$A$2:$A$1693,$A136,'By snapshot'!$B$2:$B$1693,$B136,'By snapshot'!$C$2:$C$1693,$C136,'By snapshot'!$D$2:$D$1693,$D136,'By snapshot'!$E$2:$E$1693,$E136),"") -> 0.34354344 | K136: -0.36566129 | L136: -5.9879523 | M136: 37.751688 | N136: =IFERROR(SUMIFS('By snapshot'!$L$2:$L$1693,'By snapshot'!$A$2:$A$1693,$A136,'By snapshot'!$B$2:$B$1693,$B136,'By snapshot'!$C$2:$C$1693,$C136,'By snapshot'!$D$2:$D$1693,$D136,'By snapshot'!$E$2:$E$1693,$E136)/SUMIFS('By snapshot'!$M$2:$M$1693,'By snapshot'!$A$2:$A$1693,$A136,'By snapshot'!$B$2:$B$1693,$B136,'By snapshot'!$C$2:$C$1693,$C136,'By snapshot'!$D$2:$D$1693,$D136,'By snapshot'!$E$2:$E$1693,$E136)*100,"") -> 11.968662 | O136: 3 | P136: 5 | Q136: 15 | R136: yes
A137: Kylie Frag | B137: Sell-out (EPOS) | C137: PL | D137: 6M | E137: 3M | F137: months 1–3 | G137: 0.34392749 | H137: -0.40754606 | I137: 0.39601169 | J137: =IFERROR(1-SUMIFS('By snapshot'!$J$2:$J$1693,'By snapshot'!$A$2:$A$1693,$A137,'By snapshot'!$B$2:$B$1693,$B137,'By snapshot'!$C$2:$C$1693,$C137,'By snapshot'!$D$2:$D$1693,$D137,'By snapshot'!$E$2:$E$1693,$E137)/SUMIFS('By snapshot'!$K$2:$K$1693,'By snapshot'!$A$2:$A$1693,$A137,'By snapshot'!$B$2:$B$1693,$B137,'By snapshot'!$C$2:$C$1693,$C137,'By snapshot'!$D$2:$D$1693,$D137,'By snapshot'!$E$2:$E$1693,$E137),"") -> 0.22345714 | K137: 34.269556 | L137: -74.215748 | M137: 51.863309 | N137: =IFERROR(SUMIFS('By snapshot'!$L$2:$L$1693,'By snapshot'!$A$2:$A$1693,$A137,'By snapshot'!$B$2:$B$1693,$B137,'By snapshot'!$C$2:$C$1693,$C137,'By snapshot'!$D$2:$D$1693,$D137,'By snapshot'!$E$2:$E$1693,$E137)/SUMIFS('By snapshot'!$M$2:$M$1693,'By snapshot'!$A$2:$A$1693,$A137,'By snapshot'!$B$2:$B$1693,$B137,'By snapshot'!$C$2:$C$1693,$C137,'By snapshot'!$D$2:$D$1693,$D137,'By snapshot'!$E$2:$E$1693,$E137)*100,"") -> 13.730785 | O137: 9 | P137: 9 | Q137: 53 | R137: yes
A138: Kylie Frag | B138: Sell-out (EPOS) | C138: PL | D138: 6M | E138: 6M | F138: months 1–6 | G138: 0.31595438 | H138: 0.090440481 | I138: 0.42623661 | J138: =IFERROR(1-SUMIFS('By snapshot'!$J$2:$J$1693,'By snapshot'!$A$2:$A$1693,$A138,'By snapshot'!$B$2:$B$1693,$B138,'By snapshot'!$C$2:$C$1693,$C138,'By snapshot'!$D$2:$D$1693,$D138,'By snapshot'!$E$2:$E$1693,$E138)/SUMIFS('By snapshot'!$K$2:$K$1693,'By snapshot'!$A$2:$A$1693,$A138,'By snapshot'!$B$2:$B$1693,$B138,'By snapshot'!$C$2:$C$1693,$C138,'By snapshot'!$D$2:$D$1693,$D138,'By snapshot'!$E$2:$E$1693,$E138),"") -> 0.31235526 | K138: 34.569668 | L138: -9.1631184 | M138: 48.403805 | N138: =IFERROR(SUMIFS('By snapshot'!$L$2:$L$1693,'By snapshot'!$A$2:$A$1693,$A138,'By snapshot'!$B$2:$B$1693,$B138,'By snapshot'!$C$2:$C$1693,$C138,'By snapshot'!$D$2:$D$1693,$D138,'By snapshot'!$E$2:$E$1693,$E138)/SUMIFS('By snapshot'!$M$2:$M$1693,'By snapshot'!$A$2:$A$1693,$A138,'By snapshot'!$B$2:$B$1693,$B138,'By snapshot'!$C$2:$C$1693,$C138,'By snapshot'!$D$2:$D$1693,$D138,'By snapshot'!$E$2:$E$1693,$E138)*100,"") -> 25.678614 | O138: 6 | P138: 5 | Q138: 30 | R138: yes
A139: Kylie Frag | B139: Sell-out (EPOS) | C139: PL | D139: 6M | E139: 9M | F139: months 1–9 | G139: 0.50193387 | H139: 0.38637231 | I139: 0.58844376 | J139: =IFERROR(1-SUMIFS('By snapshot'!$J$2:$J$1693,'By snapshot'!$A$2:$A$1693,$A139,'By snapshot'!$B$2:$B$1693,$B139,'By snapshot'!$C$2:$C$1693,$C139,'By snapshot'!$D$2:$D$1693,$D139,'By snapshot'!$E$2:$E$1693,$E139)/SUMIFS('By snapshot'!$K$2:$K$1693,'By snapshot'!$A$2:$A$1693,$A139,'By snapshot'!$B$2:$B$1693,$B139,'By snapshot'!$C$2:$C$1693,$C139,'By snapshot'!$D$2:$D$1693,$D139,'By snapshot'!$E$2:$E$1693,$E139),"") -> 0.48243763 | K139: 19.0303 | L139: 9.2358879 | M139: 29.678826 | N139: =IFERROR(SUMIFS('By snapshot'!$L$2:$L$1693,'By snapshot'!$A$2:$A$1693,$A139,'By snapshot'!$B$2:$B$1693,$B139,'By snapshot'!$C$2:$C$1693,$C139,'By snapshot'!$D$2:$D$1693,$D139,'By snapshot'!$E$2:$E$1693,$E139)/SUMIFS('By snapshot'!$M$2:$M$1693,'By snapshot'!$A$2:$A$1693,$A139,'By snapshot'!$B$2:$B$1693,$B139,'By snapshot'!$C$2:$C$1693,$C139,'By snapshot'!$D$2:$D$1693,$D139,'By snapshot'!$E$2:$E$1693,$E139)*100,"") -> 18.768078 | O139: 3 | P139: 5 | Q139: 15 | R139: yes
A140: Kylie Frag | B140: Sell-out (EPOS) | C140: PL | D140: 12M | E140: 3M | F140: months 1–3 | G140: 0.33850228 | H140: -0.36700892 | I140: 0.36754403 | J140: =IFERROR(1-SUMIFS('By snapshot'!$J$2:$J$1693,'By snapshot'!$A$2:$A$1693,$A140,'By snapshot'!$B$2:$B$1693,$B140,'By snapshot'!$C$2:$C$1693,$C140,'By snapshot'!$D$2:$D$1693,$D140,'By snapshot'!$E$2:$E$1693,$E140)/SUMIFS('By snapshot'!$K$2:$K$1693,'By snapshot'!$A$2:$A$1693,$A140,'By snapshot'!$B$2:$B$1693,$B140,'By snapshot'!$C$2:$C$1693,$C140,'By snapshot'!$D$2:$D$1693,$D140,'By snapshot'!$E$2:$E$1693,$E140),"") -> 0.18747487 | K140: 24.733984 | L140: -104.09399 | M140: 49.115217 | N140: =IFERROR(SUMIFS('By snapshot'!$L$2:$L$1693,'By snapshot'!$A$2:$A$1693,$A140,'By snapshot'!$B$2:$B$1693,$B140,'By snapshot'!$C$2:$C$1693,$C140,'By snapshot'!$D$2:$D$1693,$D140,'By snapshot'!$E$2:$E$1693,$E140)/SUMIFS('By snapshot'!$M$2:$M$1693,'By snapshot'!$A$2:$A$1693,$A140,'By snapshot'!$B$2:$B$1693,$B140,'By snapshot'!$C$2:$C$1693,$C140,'By snapshot'!$D$2:$D$1693,$D140,'By snapshot'!$E$2:$E$1693,$E140)*100,"") -> 9.4731642 | O140: 6 | P140: 5 | Q140: 30 | R140: yes
A141: Kylie Frag | B141: Sell-out (EPOS) | C141: PL | D141: 12M | E141: 6M | F141: months 1–6 | G141: 0.16222987 | H141: 0.091493064 | I141: 0.42623661 | J141: =IFERROR(1-SUMIFS('By snapshot'!$J$2:$J$1693,'By snapshot'!$A$2:$A$1693,$A141,'By snapshot'!$B$2:$B$1693,$B141,'By snapshot'!$C$2:$C$1693,$C141,'By snapshot'!$D$2:$D$1693,$D141,'By snapshot'!$E$2:$E$1693,$E141)/SUMIFS('By snapshot'!$K$2:$K$1693,'By snapshot'!$A$2:$A$1693,$A141,'By snapshot'!$B$2:$B$1693,$B141,'By snapshot'!$C$2:$C$1693,$C141,'By snapshot'!$D$2:$D$1693,$D141,'By snapshot'!$E$2:$E$1693,$E141),"") -> 0.30266072 | K141: -1.0831686 | L141: -6.3604913 | M141: 33.736959 | N141: =IFERROR(SUMIFS('By snapshot'!$L$2:$L$1693,'By snapshot'!$A$2:$A$1693,$A141,'By snapshot'!$B$2:$B$1693,$B141,'By snapshot'!$C$2:$C$1693,$C141,'By snapshot'!$D$2:$D$1693,$D141,'By snapshot'!$E$2:$E$1693,$E141)/SUMIFS('By snapshot'!$M$2:$M$1693,'By snapshot'!$A$2:$A$1693,$A141,'By snapshot'!$B$2:$B$1693,$B141,'By snapshot'!$C$2:$C$1693,$C141,'By snapshot'!$D$2:$D$1693,$D141,'By snapshot'!$E$2:$E$1693,$E141)*100,"") -> 10.135285 | O141: 3 | P141: 5 | Q141: 15 | R141: yes
A142: Kylie Frag | B142: Sell-out (EPOS) | C142: Brand | D142: 6M | E142: 3M | F142: months 1–3 | G142: 0.17946015 | H142: -0.12660347 | I142: 0.26469024 | J142: =IFERROR(1-SUMIFS('By snapshot'!$J$2:$J$1693,'By snapshot'!$A$2:$A$1693,$A142,'By snapshot'!$B$2:$B$1693,$B142,'By snapshot'!$C$2:$C$1693,$C142,'By snapshot'!$D$2:$D$1693,$D142,'By snapshot'!$E$2:$E$1693,$E142)/SUMIFS('By snapshot'!$K$2:$K$1693,'By snapshot'!$A$2:$A$1693,$A142,'By snapshot'!$B$2:$B$1693,$B142,'By snapshot'!$C$2:$C$1693,$C142,'By snapshot'!$D$2:$D$1693,$D142,'By snapshot'!$E$2:$E$1693,$E142),"") -> 0.17949783 | K142: 56.784981 | L142: -73.99975 | M142: 71.688284 | N142: =IFERROR(SUMIFS('By snapshot'!$L$2:$L$1693,'By snapshot'!$A$2:$A$1693,$A142,'By snapshot'!$B$2:$B$1693,$B142,'By snapshot'!$C$2:$C$1693,$C142,'By snapshot'!$D$2:$D$1693,$D142,'By snapshot'!$E$2:$E$1693,$E142)/SUMIFS('By snapshot'!$M$2:$M$1693,'By snapshot'!$A$2:$A$1693,$A142,'By snapshot'!$B$2:$B$1693,$B142,'By snapshot'!$C$2:$C$1693,$C142,'By snapshot'!$D$2:$D$1693,$D142,'By snapshot'!$E$2:$E$1693,$E142)*100,"") -> 51.263964 | O142: 9 | P142: 13 | Q142: 105 | R142: yes
A143: Kylie Frag | B143: Sell-out (EPOS) | C143: Brand | D143: 6M | E143: 6M | F143: months 1–6 | G143: 0.21299628 | H143: 0.056719078 | I143: 0.25454087 | J143: =IFERROR(1-SUMIFS('By snapshot'!$J$2:$J$1693,'By snapshot'!$A$2:$A$1693,$A143,'By snapshot'!$B$2:$B$1693,$B143,'By snapshot'!$C$2:$C$1693,$C143,'By snapshot'!$D$2:$D$1693,$D143,'By snapshot'!$E$2:$E$1693,$E143)/SUMIFS('By snapshot'!$K$2:$K$1693,'By snapshot'!$A$2:$A$1693,$A143,'By snapshot'!$B$2:$B$1693,$B143,'By snapshot'!$C$2:$C$1693,$C143,'By snapshot'!$D$2:$D$1693,$D143,'By snapshot'!$E$2:$E$1693,$E143),"") -> 0.21159985 | K143: 56.491954 | L143: -9.1078126 | M143: 67.808969 | N143: =IFERROR(SUMIFS('By snapshot'!$L$2:$L$1693,'By snapshot'!$A$2:$A$1693,$A143,'By snapshot'!$B$2:$B$1693,$B143,'By snapshot'!$C$2:$C$1693,$C143,'By snapshot'!$D$2:$D$1693,$D143,'By snapshot'!$E$2:$E$1693,$E143)/SUMIFS('By snapshot'!$M$2:$M$1693,'By snapshot'!$A$2:$A$1693,$A143,'By snapshot'!$B$2:$B$1693,$B143,'By snapshot'!$C$2:$C$1693,$C143,'By snapshot'!$D$2:$D$1693,$D143,'By snapshot'!$E$2:$E$1693,$E143)*100,"") -> 54.199352 | O143: 6 | P143: 13 | Q143: 66 | R143: yes
... A188: Kylie Frag | B188: Sell-in | C188: House | D188: 12M | E188: 12M | F188: months 1–12 | G188: 0.1224175 | H188: 0.1224175 | I188: 0.1224175 | J188: =IFERROR(1-SUMIFS('By snapshot'!$J$2:$J$1693,'By snapshot'!$A$2:$A$1693,$A188,'By snapshot'!$B$2:$B$1693,$B188,'By snapshot'!$C$2:$C$1693,$C188,'By snapshot'!$D$2:$D$1693,$D188,'By snapshot'!$E$2:$E$1693,$E188)/SUMIFS('By snapshot'!$K$2:$K$1693,'By snapshot'!$A$2:$A$1693,$A188,'By snapshot'!$B$2:$B$1693,$B188,'By snapshot'!$C$2:$C$1693,$C188,'By snapshot'!$D$2:$D$1693,$D188,'By snapshot'!$E$2:$E$1693,$E188),"") -> 0.12241747 | K188: 32.22762 | L188: 32.22762 | M188: 32.22762 | N188: =IFERROR(SUMIFS('By snapshot'!$L$2:$L$1693,'By snapshot'!$A$2:$A$1693,$A188,'By snapshot'!$B$2:$B$1693,$B188,'By snapshot'!$C$2:$C$1693,$C188,'By snapshot'!$D$2:$D$1693,$D188,'By snapshot'!$E$2:$E$1693,$E188)/SUMIFS('By snapshot'!$M$2:$M$1693,'By snapshot'!$A$2:$A$1693,$A188,'By snapshot'!$B$2:$B$1693,$B188,'By snapshot'!$C$2:$C$1693,$C188,'By snapshot'!$D$2:$D$1693,$D188,'By snapshot'!$E$2:$E$1693,$E188)*100,"") -> 32.227619 | O188: 1 | P188: 9 | Q188: 9 | R188: yes
A189: Kylie MU | B189: Sell-out (EPOS) | C189: EAN | D189: 6M | E189: 3M | F189: months 1–3 | G189: 0.14230123 | H189: 0.046361894 | I189: 0.18248966 | J189: =IFERROR(1-SUMIFS('By snapshot'!$J$2:$J$1693,'By snapshot'!$A$2:$A$1693,$A189,'By snapshot'!$B$2:$B$1693,$B189,'By snapshot'!$C$2:$C$1693,$C189,'By snapshot'!$D$2:$D$1693,$D189,'By snapshot'!$E$2:$E$1693,$E189)/SUMIFS('By snapshot'!$K$2:$K$1693,'By snapshot'!$A$2:$A$1693,$A189,'By snapshot'!$B$2:$B$1693,$B189,'By snapshot'!$C$2:$C$1693,$C189,'By snapshot'!$D$2:$D$1693,$D189,'By snapshot'!$E$2:$E$1693,$E189),"") -> 0.124538 | K189: 31.701763 | L189: -0.616005 | M189: 48.746589 | N189: =IFERROR(SUMIFS('By snapshot'!$L$2:$L$1693,'By snapshot'!$A$2:$A$1693,$A189,'By snapshot'!$B$2:$B$1693,$B189,'By snapshot'!$C$2:$C$1693,$C189,'By snapshot'!$D$2:$D$1693,$D189,'By snapshot'!$E$2:$E$1693,$E189)/SUMIFS('By snapshot'!$M$2:$M$1693,'By snapshot'!$A$2:$A$1693,$A189,'By snapshot'!$B$2:$B$1693,$B189,'By snapshot'!$C$2:$C$1693,$C189,'By snapshot'!$D$2:$D$1693,$D189,'By snapshot'!$E$2:$E$1693,$E189)*100,"") -> 25.116841 | O189: 9 | P189: 293 | Q189: 2293
A190: Kylie MU | B190: Sell-out (EPOS) | C190: EAN | D190: 6M | E190: 6M | F190: months 1–6 | G190: 0.13954612 | H190: 0.12018191 | I190: 0.17910224 | J190: =IFERROR(1-SUMIFS('By snapshot'!$J$2:$J$1693,'By snapshot'!$A$2:$A$1693,$A190,'By snapshot'!$B$2:$B$1693,$B190,'By snapshot'!$C$2:$C$1693,$C190,'By snapshot'!$D$2:$D$1693,$D190,'By snapshot'!$E$2:$E$1693,$E190)/SUMIFS('By snapshot'!$K$2:$K$1693,'By snapshot'!$A$2:$A$1693,$A190,'By snapshot'!$B$2:$B$1693,$B190,'By snapshot'!$C$2:$C$1693,$C190,'By snapshot'!$D$2:$D$1693,$D190,'By snapshot'!$E$2:$E$1693,$E190),"") -> 0.14217905 | K190: 27.163324 | L190: 9.4131222 | M190: 39.999715 | N190: =IFERROR(SUMIFS('By snapshot'!$L$2:$L$1693,'By snapshot'!$A$2:$A$1693,$A190,'By snapshot'!$B$2:$B$1693,$B190,'By snapshot'!$C$2:$C$1693,$C190,'By snapshot'!$D$2:$D$1693,$D190,'By snapshot'!$E$2:$E$1693,$E190)/SUMIFS('By snapshot'!$M$2:$M$1693,'By snapshot'!$A$2:$A$1693,$A190,'By snapshot'!$B$2:$B$1693,$B190,'By snapshot'!$C$2:$C$1693,$C190,'By snapshot'!$D$2:$D$1693,$D190,'By snapshot'!$E$2:$E$1693,$E190)*100,"") -> 26.218887 | O190: 6 | P190: 264 | Q190: 1486
A191: Kylie MU | B191: Sell-out (EPOS) | C191: EAN | D191: 6M | E191: 9M | F191: months 1–9 | G191: 0.16409328 | H191: 0.14058128 | I191: 0.17254148 | J191: =IFERROR(1-SUMIFS('By snapshot'!$J$2:$J$1693,'By snapshot'!$A$2:$A$1693,$A191,'By snapshot'!$B$2:$B$1693,$B191,'By snapshot'!$C$2:$C$1693,$C191,'By snapshot'!$D$2:$D$1693,$D191,'By snapshot'!$E$2:$E$1693,$E191)/SUMIFS('By snapshot'!$K$2:$K$1693,'By snapshot'!$A$2:$A$1693,$A191,'By snapshot'!$B$2:$B$1693,$B191,'By snapshot'!$C$2:$C$1693,$C191,'By snapshot'!$D$2:$D$1693,$D191,'By snapshot'!$E$2:$E$1693,$E191),"") -> 0.15912151 | K191: 20.565676 | L191: 15.908319 | M191: 22.581 | N191: =IFERROR(SUMIFS('By snapshot'!$L$2:$L$1693,'By snapshot'!$A$2:$A$1693,$A191,'By snapshot'!$B$2:$B$1693,$B191,'By snapshot'!$C$2:$C$1693,$C191,'By snapshot'!$D$2:$D$1693,$D191,'By snapshot'!$E$2:$E$1693,$E191)/SUMIFS('By snapshot'!$M$2:$M$1693,'By snapshot'!$A$2:$A$1693,$A191,'By snapshot'!$B$2:$B$1693,$B191,'By snapshot'!$C$2:$C$1693,$C191,'By snapshot'!$D$2:$D$1693,$D191,'By snapshot'!$E$2:$E$1693,$E191)*100,"") -> 19.680388 | O191: 3 | P191: 251 | Q191: 720
A192: Kylie MU | B192: Sell-out (EPOS) | C192: EAN | D192: 12M | E192: 3M | F192: months 1–3 | G192: 0.093739111 | H192: 0.073070833 | I192: 0.18634073 | J192: =IFERROR(1-SUMIFS('By snapshot'!$J$2:$J$1693,'By snapshot'!$A$2:$A$1693,$A192,'By snapshot'!$B$2:$B$1693,$B192,'By snapshot'!$C$2:$C$1693,$C192,'By snapshot'!$D$2:$D$1693,$D192,'By snapshot'!$E$2:$E$1693,$E192)/SUMIFS('By snapshot'!$K$2:$K$1693,'By snapshot'!$A$2:$A$1693,$A192,'By snapshot'!$B$2:$B$1693,$B192,'By snapshot'!$C$2:$C$1693,$C192,'By snapshot'!$D$2:$D$1693,$D192,'By snapshot'!$E$2:$E$1693,$E192),"") -> 0.11226476 | K192: 23.080562 | L192: -7.9005914 | M192: 53.230472 | N192: =IFERROR(SUMIFS('By snapshot'!$L$2:$L$1693,'By snapshot'!$A$2:$A$1693,$A192,'By snapshot'!$B$2:$B$1693,$B192,'By snapshot'!$C$2:$C$1693,$C192,'By snapshot'!$D$2:$D$1693,$D192,'By snapshot'!$E$2:$E$1693,$E192)/SUMIFS('By snapshot'!$M$2:$M$1693,'By snapshot'!$A$2:$A$1693,$A192,'By snapshot'!$B$2:$B$1693,$B192,'By snapshot'!$C$2:$C$1693,$C192,'By snapshot'!$D$2:$D$1693,$D192,'By snapshot'!$E$2:$E$1693,$E192)*100,"") -> 19.413362 | O192: 6 | P192: 252 | Q192: 1390
A193: Kylie MU | B193: Sell-out (EPOS) | C193: EAN | D193: 12M | E193: 6M | F193: months 1–6 | G193: 0.17712623 | H193: 0.16342455 | I193: 0.20730719 | J193: =IFERROR(1-SUMIFS('By snapshot'!$J$2:$J$1693,'By snapshot'!$A$2:$A$1693,$A193,'By snapshot'!$B$2:$B$1693,$B193,'By snapshot'!$C$2:$C$1693,$C193,'By snapshot'!$D$2:$D$1693,$D193,'By snapshot'!$E$2:$E$1693,$E193)/SUMIFS('By snapshot'!$K$2:$K$1693,'By snapshot'!$A$2:$A$1693,$A193,'By snapshot'!$B$2:$B$1693,$B193,'By snapshot'!$C$2:$C$1693,$C193,'By snapshot'!$D$2:$D$1693,$D193,'By snapshot'!$E$2:$E$1693,$E193),"") -> 0.18133681 | K193: 21.264906 | L193: 12.681643 | M193: 22.739204 | N193: =IFERROR(SUMIFS('By snapshot'!$L$2:$L$1693,'By snapshot'!$A$2:$A$1693,$A193,'By snapshot'!$B$2:$B$1693,$B193,'By snapshot'!$C$2:$C$1693,$C193,'By snapshot'!$D$2:$D$1693,$D193,'By snapshot'!$E$2:$E$1693,$E193)/SUMIFS('By snapshot'!$M$2:$M$1693,'By snapshot'!$A$2:$A$1693,$A193,'By snapshot'!$B$2:$B$1693,$B193,'By snapshot'!$C$2:$C$1693,$C193,'By snapshot'!$D$2:$D$1693,$D193,'By snapshot'!$E$2:$E$1693,$E193)*100,"") -> 18.914575 | O193: 3 | P193: 221 | Q193: 652
A194: Kylie MU | B194: Sell-out (EPOS) | C194: PL | D194: 6M | E194: 3M | F194: months 1–3 | G194: 0.12753972 | H194: 0.061771924 | I194: 0.18934865 | J194: =IFERROR(1-SUMIFS('By snapshot'!$J$2:$J$1693,'By snapshot'!$A$2:$A$1693,$A194,'By snapshot'!$B$2:$B$1693,$B194,'By snapshot'!$C$2:$C$1693,$C194,'By snapshot'!$D$2:$D$1693,$D194,'By snapshot'!$E$2:$E$1693,$E194)/SUMIFS('By snapshot'!$K$2:$K$1693,'By snapshot'!$A$2:$A$1693,$A194,'By snapshot'!$B$2:$B$1693,$B194,'By snapshot'!$C$2:$C$1693,$C194,'By snapshot'!$D$2:$D$1693,$D194,'By snapshot'!$E$2:$E$1693,$E194),"") -> 0.12162677 | K194: 30.17336 | L194: 11.049704 | M194: 47.468354 | N194: =IFERROR(SUMIFS('By snapshot'!$L$2:$L$1693,'By snapshot'!$A$2:$A$1693,$A194,'By snapshot'!$B$2:$B$1693,$B194,'By snapshot'!$C$2:$C$1693,$C194,'By snapshot'!$D$2:$D$1693,$D194,'By snapshot'!$E$2:$E$1693,$E194)/SUMIFS('By snapshot'!$M$2:$M$1693,'By snapshot'!$A$2:$A$1693,$A194,'By snapshot'!$B$2:$B$1693,$B194,'By snapshot'!$C$2:$C$1693,$C194,'By snapshot'!$D$2:$D$1693,$D194,'By snapshot'!$E$2:$E$1693,$E194)*100,"") -> 28.655357 | O194: 9 | P194: 330 | Q194: 2814
A195: Kylie MU | B195: Sell-out (EPOS) | C195: PL | D195: 6M | E195: 6M | F195: months 1–6 | G195: 0.11895669 | H195: 0.077782333 | I195: 0.12918021 | J195: =IFERROR(1-SUMIFS('By snapshot'!$J$2:$J$1693,'By snapshot'!$A$2:$A$1693,$A195,'By snapshot'!$B$2:$B$1693,$B195,'By snapshot'!$C$2:$C$1693,$C195,'By snapshot'!$D$2:$D$1693,$D195,'By snapshot'!$E$2:$E$1693,$E195)/SUMIFS('By snapshot'!$K$2:$K$1693,'By snapshot'!$A$2:$A$1693,$A195,'By snapshot'!$B$2:$B$1693,$B195,'By snapshot'!$C$2:$C$1693,$C195,'By snapshot'!$D$2:$D$1693,$D195,'By snapshot'!$E$2:$E$1693,$E195),"") -> 0.11316571 | K195: 23.929592 | L195: 1.4344404 | M195: 44.632335 | N195: =IFERROR(SUMIFS('By snapshot'!$L$2:$L$1693,'By snapshot'!$A$2:$A$1693,$A195,'By snapshot'!$B$2:$B$1693,$B195,'By snapshot'!$C$2:$C$1693,$C195,'By snapshot'!$D$2:$D$1693,$D195,'By snapshot'!$E$2:$E$1693,$E195)/SUMIFS('By snapshot'!$M$2:$M$1693,'By snapshot'!$A$2:$A$1693,$A195,'By snapshot'!$B$2:$B$1693,$B195,'By snapshot'!$C$2:$C$1693,$C195,'By snapshot'!$D$2:$D$1693,$D195,'By snapshot'!$E$2:$E$1693,$E195)*100,"") -> 25.133902 | O195: 6 | P195: 329 | Q195: 1887
A196: Kylie MU | B196: Sell-out (EPOS) | C196: PL | D196: 6M | E196: 9M | F196: months 1–9 | G196: 0.11816409 | H196: 0.10623359 | I196: 0.14392335 | J196: =IFERROR(1-SUMIFS('By snapshot'!$J$2:$J$1693,'By snapshot'!$A$2:$A$1693,$A196,'By snapshot'!$B$2:$B$1693,$B196,'By snapshot'!$C$2:$C$1693,$C196,'By snapshot'!$D$2:$D$1693,$D196,'By snapshot'!$E$2:$E$1693,$E196)/SUMIFS('By snapshot'!$K$2:$K$1693,'By snapshot'!$A$2:$A$1693,$A196,'By snapshot'!$B$2:$B$1693,$B196,'By snapshot'!$C$2:$C$1693,$C196,'By snapshot'!$D$2:$D$1693,$D196,'By snapshot'!$E$2:$E$1693,$E196),"") -> 0.12350491 | K196: 21.608356 | L196: 9.7723091 | M196: 25.58197 | N196: =IFERROR(SUMIFS('By snapshot'!$L$2:$L$1693,'By snapshot'!$A$2:$A$1693,$A196,'By snapshot'!$B$2:$B$1693,$B196,'By snapshot'!$C$2:$C$1693,$C196,'By snapshot'!$D$2:$D$1693,$D196,'By snapshot'!$E$2:$E$1693,$E196)/SUMIFS('By snapshot'!$M$2:$M$1693,'By snapshot'!$A$2:$A$1693,$A196,'By snapshot'!$B$2:$B$1693,$B196,'By snapshot'!$C$2:$C$1693,$C196,'By snapshot'!$D$2:$D$1693,$D196,'By snapshot'!$E$2:$E$1693,$E196)*100,"") -> 19.405901 | O196: 3 | P196: 312 | Q196: 935
A197: Kylie MU | B197: Sell-out (EPOS) | C197: PL | D197: 12M | E197: 3M | F197: months 1–3 | G197: 0.084972488 | H197: 0.036590104 | I197: 0.14834131 | J197: =IFERROR(1-SUMIFS('By snapshot'!$J$2:$J$1693,'By snapshot'!$A$2:$A$1693,$A197,'By snapshot'!$B$2:$B$1693,$B197,'By snapshot'!$C$2:$C$1693,$C197,'By snapshot'!$D$2:$D$1693,$D197,'By snapshot'!$E$2:$E$1693,$E197)/SUMIFS('By snapshot'!$K$2:$K$1693,'By snapshot'!$A$2:$A$1693,$A197,'By snapshot'!$B$2:$B$1693,$B197,'By snapshot'!$C$2:$C$1693,$C197,'By snapshot'!$D$2:$D$1693,$D197,'By snapshot'!$E$2:$E$1693,$E197),"") -> 0.094017669 | K197: 17.9355 | L197: -6.9730651 | M197: 59.621161 | N197: =IFERROR(SUMIFS('By snapshot'!$L$2:$L$1693,'By snapshot'!$A$2:$A$1693,$A197,'By snapshot'!$B$2:$B$1693,$B197,'By snapshot'!$C$2:$C$1693,$C197,'By snapshot'!$D$2:$D$1693,$D197,'By snapshot'!$E$2:$E$1693,$E197)/SUMIFS('By snapshot'!$M$2:$M$1693,'By snapshot'!$A$2:$A$1693,$A197,'By snapshot'!$B$2:$B$1693,$B197,'By snapshot'!$C$2:$C$1693,$C197,'By snapshot'!$D$2:$D$1693,$D197,'By snapshot'!$E$2:$E$1693,$E197)*100,"") -> 19.509205 | O197: 6 | P197: 317 | Q197: 1830
A198: Kylie MU | B198: Sell-out (EPOS) | C198: PL | D198: 12M | E198: 6M | F198: months 1–6 | G198: 0.14627918 | H198: 0.11124802 | I198: 0.1491163 | J198: =IFERROR(1-SUMIFS('By snapshot'!$J$2:$J$1693,'By snapshot'!$A$2:$A$1693,$A198,'By snapshot'!$B$2:$B$1693,$B198,'By snapshot'!$C$2:$C$1693,$C198,'By snapshot'!$D$2:$D$1693,$D198,'By snapshot'!$E$2:$E$1693,$E198)/SUMIFS('By snapshot'!$K$2:$K$1693,'By snapshot'!$A$2:$A$1693,$A198,'By snapshot'!$B$2:$B$1693,$B198,'By snapshot'!$C$2:$C$1693,$C198,'By snapshot'!$D$2:$D$1693,$D198,'By snapshot'!$E$2:$E$1693,$E198),"") -> 0.13532264 | K198: 16.062919 | L198: 4.4366672 | M198: 22.311209 | N198: =IFERROR(SUMIFS('By snapshot'!$L$2:$L$1693,'By snapshot'!$A$2:$A$1693,$A198,'By snapshot'!$B$2:$B$1693,$B198,'By snapshot'!$C$2:$C$1693,$C198,'By snapshot'!$D$2:$D$1693,$D198,'By snapshot'!$E$2:$E$1693,$E198)/SUMIFS('By snapshot'!$M$2:$M$1693,'By snapshot'!$A$2:$A$1693,$A198,'By snapshot'!$B$2:$B$1693,$B198,'By snapshot'!$C$2:$C$1693,$C198,'By snapshot'!$D$2:$D$1693,$D198,'By snapshot'!$E$2:$E$1693,$E198)*100,"") -> 14.388883 | O198: 3 | P198: 307 | Q198: 905
A199: Kylie MU | B199: Sell-out (EPOS) | C199: Brand | D199: 6M | E199: 3M | F199: months 1–3 | G199: 0.035855831 | H199: -0.038694817 | I199: 0.078539006 | J199: =IFERROR(1-SUMIFS('By snapshot'!$J$2:$J$1693,'By snapshot'!$A$2:$A$1693,$A199,'By snapshot'!$B$2:$B$1693,$B199,'By snapshot'!$C$2:$C$1693,$C199,'By snapshot'!$D$2:$D$1693,$D199,'By snapshot'!$E$2:$E$1693,$E199)/SUMIFS('By snapshot'!$K$2:$K$1693,'By snapshot'!$A$2:$A$1693,$A199,'By snapshot'!$B$2:$B$1693,$B199,'By snapshot'!$C$2:$C$1693,$C199,'By snapshot'!$D$2:$D$1693,$D199,'By snapshot'!$E$2:$E$1693,$E199),"") -> 0.027062935 | K199: 9.6758048 | L199: -33.388806 | M199: 61.783578 | N199: =IFERROR(SUMIFS('By snapshot'!$L$2:$L$1693,'By snapshot'!$A$2:$A$1693,$A199,'By snapshot'!$B$2:$B$1693,$B199,'By snapshot'!$C$2:$C$1693,$C199,'By snapshot'!$D$2:$D$1693,$D199,'By snapshot'!$E$2:$E$1693,$E199)/SUMIFS('By snapshot'!$M$2:$M$1693,'By snapshot'!$A$2:$A$1693,$A199,'By snapshot'!$B$2:$B$1693,$B199,'By snapshot'!$C$2:$C$1693,$C199,'By snapshot'!$D$2:$D$1693,$D199,'By snapshot'!$E$2:$E$1693,$E199)*100,"") -> 5.4178712 | O199: 9 | P199: 357 | Q199: 3031
A200: Kylie MU | B200: Sell-out (EPOS) | C200: Brand | D200: 6M | E200: 6M | F200: months 1–6 | G200: 0.076379754 | H200: -0.0031207071 | I200: 0.11394769 | J200: =IFERROR(1-SUMIFS('By snapshot'!$J$2:$J$1693,'By snapshot'!$A$2:$A$1693,$A200,'By snapshot'!$B$2:$B$1693,$B200,'By snapshot'!$C$2:$C$1693,$C200,'By snapshot'!$D$2:$D$1693,$D200,'By snapshot'!$E$2:$E$1693,$E200)/SUMIFS('By snapshot'!$K$2:$K$1693,'By snapshot'!$A$2:$A$1693,$A200,'By snapshot'!$B$2:$B$1693,$B200,'By snapshot'!$C$2:$C$1693,$C200,'By snapshot'!$D$2:$D$1693,$D200,'By snapshot'!$E$2:$E$1693,$E200),"") -> 0.049668532 | K200: 7.969129 | L200: 0.36998867 | M200: 11.725262 | N200: =IFERROR(SUMIFS('By snapshot'!$L$2:$L$1693,'By snapshot'!$A$2:$A$1693,$A200,'By snapshot'!$B$2:$B$1693,$B200,'By snapshot'!$C$2:$C$1693,$C200,'By snapshot'!$D$2:$D$1693,$D200,'By snapshot'!$E$2:$E$1693,$E200)/SUMIFS('By snapshot'!$M$2:$M$1693,'By snapshot'!$A$2:$A$1693,$A200,'By snapshot'!$B$2:$B$1693,$B200,'By snapshot'!$C$2:$C$1693,$C200,'By snapshot'!$D$2:$D$1693,$D200,'By snapshot'!$E$2:$E$1693,$E200)*100,"") -> 6.8809623 | O200: 6 | P200: 351 | Q200: 2036
... A253: Kylie MU | B253: Sell-in | C253: House | D253: 12M | E253: 12M (long history) | F253: months 1–12, every month of the latest file as a starting point | G253: 0.0086409945 | H253: -0.15286234 | I253: 0.10195379 | J253: =IFERROR(1-SUMIFS('By snapshot'!$J$2:$J$1693,'By snapshot'!$A$2:$A$1693,$A253,'By snapshot'!$B$2:$B$1693,$B253,'By snapshot'!$C$2:$C$1693,$C253,'By snapshot'!$D$2:$D$1693,$D253,'By snapshot'!$E$2:$E$1693,$E253)/SUMIFS('By snapshot'!$K$2:$K$1693,'By snapshot'!$A$2:$A$1693,$A253,'By snapshot'!$B$2:$B$1693,$B253,'By snapshot'!$C$2:$C$1693,$C253,'By snapshot'!$D$2:$D$1693,$D253,'By snapshot'!$E$2:$E$1693,$E253),"") -> -0.00034193831 | K253: -29.054258 | L253: -55.500712 | M253: 48.55585 | N253: =IFERROR(SUMIFS('By snapshot'!$L$2:$L$1693,'By snapshot'!$A$2:$A$1693,$A253,'By snapshot'!$B$2:$B$1693,$B253,'By snapshot'!$C$2:$C$1693,$C253,'By snapshot'!$D$2:$D$1693,$D253,'By snapshot'!$E$2:$E$1693,$E253)/SUMIFS('By snapshot'!$M$2:$M$1693,'By snapshot'!$A$2:$A$1693,$A253,'By snapshot'!$B$2:$B$1693,$B253,'By snapshot'!$C$2:$C$1693,$C253,'By snapshot'!$D$2:$D$1693,$D253,'By snapshot'!$E$2:$E$1693,$E253)*100,"") -> -6.2820105 | O253: 18 | P253: 379 | Q253: 5950

Sheet By snapshot
A1: House | B1: Signal | C1: Level | D1: Trend length | E1: Horizon | F1: Snapshot | G1: Codes | H1: Sold (units) | I1: Last year (units) | J1: Σ|moved − anticipated| | K1: Σ|moved| | L1: Bias numerator | M1: Bias denominator (LY) | N1: Reliability | O1: Bias (pts)
A2: All houses | B2: Sell-out (EPOS) | C2: EAN | D2: 6M | E2: 3M | F2: 2025.M10 | G2: 320 | H2: 694651 | I2: 704213 | J2: 390290.7 | K2: 467792 | L2: 92786.1 | M2: 703996 | N2: =IF(K2=0,"",1-J2/K2) -> 0.1656747 | O2: =IF(M2=0,"",L2/M2*100) -> 13.179919
A3: All houses | B3: Sell-out (EPOS) | C3: EAN | D3: 6M | E3: 3M | F3: 2025.M11 | G3: 330 | H3: 662578 | I3: 713539 | J3: 361933.5 | K3: 455659 | L3: 24088.6 | M3: 713539 | N3: =IF(K3=0,"",1-J3/K3) -> 0.2056922 | O3: =IF(M3=0,"",L3/M3*100) -> 3.3759332
A4: All houses | B4: Sell-out (EPOS) | C4: EAN | D4: 6M | E4: 3M | F4: 2025.M12 | G4: 342 | H4: 789339 | I4: 735445 | J4: 471611.4 | K4: 547384 | L4: 77780.7 | M4: 735445 | N4: =IF(K4=0,"",1-J4/K4) -> 0.13842677 | O4: =IF(M4=0,"",L4/M4*100) -> 10.576005
A5: All houses | B5: Sell-out (EPOS) | C5: EAN | D5: 6M | E5: 3M | F5: 2026.M01 | G5: 358 | H5: 856034 | I5: 744930 | J5: 563515.4 | K5: 610658 | L5: 102265.7 | M5: 744930 | N5: =IF(K5=0,"",1-J5/K5) -> 0.077199676 | O5: =IF(M5=0,"",L5/M5*100) -> 13.728229
A6: All houses | B6: Sell-out (EPOS) | C6: EAN | D6: 6M | E6: 3M | F6: 2026.M02 | G6: 352 | H6: 892306 | I6: 738301 | J6: 529207.8 | K6: 556211 | L6: 119000.7 | M6: 738192 | N6: =IF(K6=0,"",1-J6/K6) -> 0.048548483 | O6: =IF(M6=0,"",L6/M6*100) -> 16.120562
A7: All houses | B7: Sell-out (EPOS) | C7: EAN | D7: 6M | E7: 3M | F7: 2026.M03 | G7: 345 | H7: 721729 | I7: 712294 | J7: 372950.3 | K7: 455311 | L7: 107340.8 | M7: 711588 | N7: =IF(K7=0,"",1-J7/K7) -> 0.18088889 | O7: =IF(M7=0,"",L7/M7*100) -> 15.084684
A8: All houses | B8: Sell-out (EPOS) | C8: EAN | D8: 6M | E8: 3M | F8: 2026.M04 | G8: 368 | H8: 786741 | I8: 867340 | J8: 309249.3 | K8: 397319 | L8: 8439.5 | M8: 867340 | N8: =IF(K8=0,"",1-J8/K8) -> 0.22165993 | O8: =IF(M8=0,"",L8/M8*100) -> 0.97303249
A9: All houses | B9: Sell-out (EPOS) | C9: EAN | D9: 6M | E9: 3M | F9: 2026.M05 | G9: 366 | H9: 807051 | I9: 836642 | J9: 340695.3 | K9: 417021 | L9: -43316.3 | M9: 836625 | N9: =IF(K9=0,"",1-J9/K9) -> 0.18302603 | O9: =IF(M9=0,"",L9/M9*100) -> -5.1775049
A10: All houses | B10: Sell-out (EPOS) | C10: EAN | D10: 6M | E10: 3M | F10: 2026.M06 | G10: 375 | H10: 945404 | I10: 1062304 | J10: 451798.3 | K10: 551342 | L10: -58898.5 | M10: 1062304 | N10: =IF(K10=0,"",1-J10/K10) -> 0.18054801 | O10: =IF(M10=0,"",L10/M10*100) -> -5.544411
A11: All houses | B11: Sell-out (EPOS) | C11: EAN | D11: 6M | E11: 6M | F11: 2025.M10 | G11: 320 | H11: 1519847 | I11: 1428690 | J11: 829633.8 | K11: 944321 | L11: 152209.5 | M11: 1428231 | N11: =IF(K11=0,"",1-J11/K11) -> 0.12144938 | O11: =IF(M11=0,"",L11/M11*100) -> 10.657205
A12: All houses | B12: Sell-out (EPOS) | C12: EAN | D12: 6M | E12: 6M | F12: 2025.M11 | G12: 330 | H12: 1526732 | I12: 1419695 | J12: 809682.9 | K12: 901385 | L12: 129871.6 | M12: 1419695 | N12: =IF(K12=0,"",1-J12/K12) -> 0.10173466 | O12: =IF(M12=0,"",L12/M12*100) -> 9.1478522
A13: All houses | B13: Sell-out (EPOS) | C13: EAN | D13: 6M | E13: 6M | F13: 2025.M12 | G13: 342 | H13: 1489540 | I13: 1416553 | J13: 755032.2 | K13: 869927 | L13: 150180.2 | M13: 1416553 | N13: =IF(K13=0,"",1-J13/K13) -> 0.13207407 | O13: =IF(M13=0,"",L13/M13*100) -> 10.601806
... A1693: Kylie MU | B1693: Sell-in | C1693: House | D1693: 12M | E1693: 12M (long history) | F1693: 2025.M09 | G1693: 346 | H1693: 2324520 | I1693: 1960097 | J1693: 1559064.8 | K1693: 1565417 | L1693: -808513.5 | M1693: 1960097 | N1693: =IF(K1693=0,"",1-J1693/K1693) -> 0.0040578325 | O1693: =IF(M1693=0,"",L1693/M1693*100) -> -41.248647

Sheet Matrix
A1: House | B1: Trend length | C1: Trend | D1: Applied as | E1: Horizon | F1: Cases | G1: Codes | H1: Coverage (cases) | I1: Coverage (volume) | J1: WAPE no trend | K1: WAPE with trend | L1: WAPE change (pts) | M1: % met no trend | N1: % met with trend | O1: Helps in (snapshots) | P1: Snapshots
A2: All houses | B2: 6M | C2: Sell-in · EAN | D2: Common base × full trend | E2: 3M | F2: 4064 | G2: 488 | H2: 0.79701902 | I2: 0.76488626 | J2: 0.58993155 | K2: 0.6191016 | L2: =IF(OR(J2="",K2=""),"",(K2-J2)*100) -> 2.9170049 | M2: 0.15551181 | N2: 0.14985236 | O2: 3 | P2: 10
A3: All houses | B3: 6M | C3: Sell-in · EAN | D3: Common base × half trend | E3: 3M | F3: 4064 | G3: 488 | H3: 0.79701902 | I3: 0.76488626 | J3: 0.58993155 | K3: 0.58224723 | L3: =IF(OR(J3="",K3=""),"",(K3-J3)*100) -> -0.76843216 | M3: 0.15551181 | N3: 0.1542815 | O3: 5 | P3: 10
A4: All houses | B4: 6M | C4: Sell-in · EAN | D4: Common base × trend over time | E4: 3M | F4: 4064 | G4: 488 | H4: 0.79701902 | I4: 0.76488626 | J4: 0.58993155 | K4: 0.58842212 | L4: =IF(OR(J4="",K4=""),"",(K4-J4)*100) -> -0.15094321 | M4: 0.15551181 | N4: 0.15108268 | O4: 4 | P4: 10
A5: All houses | B5: 6M | C5: Sell-in · EAN | D5: Last year × full trend | E5: 3M | F5: 4064 | G5: 488 | H5: 0.79701902 | I5: 0.76488626 | J5: 0.65924466 | K5: 0.60993358 | L5: =IF(OR(J5="",K5=""),"",(K5-J5)*100) -> -4.9311077 | M5: 0.1336122 | N5: 0.13779528 | O5: 9 | P5: 10
A6: All houses | B6: 6M | C6: Sell-in · EAN | D6: Common base × full trend | E6: 6M | F6: 2751 | G6: 457 | H6: 0.7697258 | I6: 0.75817582 | J6: 0.53591822 | K6: 0.52861497 | L6: =IF(OR(J6="",K6=""),"",(K6-J6)*100) -> -0.73032595 | M6: 0.17048346 | N6: 0.14867321 | O6: 4 | P6: 7
A7: All houses | B7: 6M | C7: Sell-in · EAN | D7: Common base × half trend | E7: 6M | F7: 2751 | G7: 457 | H7: 0.7697258 | I7: 0.75817582 | J7: 0.53591822 | K7: 0.50040133 | L7: =IF(OR(J7="",K7=""),"",(K7-J7)*100) -> -3.551689 | M7: 0.17048346 | N7: 0.18175209 | O7: 7 | P7: 7
A8: All houses | B8: 6M | C8: Sell-in · EAN | D8: Common base × trend over time | E8: 6M | F8: 2751 | G8: 457 | H8: 0.7697258 | I8: 0.75817582 | J8: 0.53591822 | K8: 0.51355819 | L8: =IF(OR(J8="",K8=""),"",(K8-J8)*100) -> -2.2360037 | M8: 0.17048346 | N8: 0.15448928 | O8: 5 | P8: 7
A9: All houses | B9: 6M | C9: Sell-in · EAN | D9: Last year × full trend | E9: 6M | F9: 2751 | G9: 457 | H9: 0.7697258 | I9: 0.75817582 | J9: 0.56590915 | K9: 0.52851328 | L9: =IF(OR(J9="",K9=""),"",(K9-J9)*100) -> -3.7395877 | M9: 0.15049073 | N9: 0.15376227 | O9: 7 | P9: 7
A10: All houses | B10: 6M | C10: Sell-in · EAN | D10: Common base × full trend | E10: 9M | F10: 1527 | G10: 420 | H10: 0.74926398 | I10: 0.7480077 | J10: 0.53531017 | K10: 0.51165775 | L10: =IF(OR(J10="",K10=""),"",(K10-J10)*100) -> -2.3652424 | M10: 0.15455141 | N10: 0.14014407 | O10: 3 | P10: 4
A11: All houses | B11: 6M | C11: Sell-in · EAN | D11: Common base × half trend | E11: 9M | F11: 1527 | G11: 420 | H11: 0.74926398 | I11: 0.7480077 | J11: 0.53531017 | K11: 0.48028416 | L11: =IF(OR(J11="",K11=""),"",(K11-J11)*100) -> -5.5026014 | M11: 0.15455141 | N11: 0.19449902 | O11: 4 | P11: 4
A12: All houses | B12: 6M | C12: Sell-in · EAN | D12: Common base × trend over time | E12: 9M | F12: 1527 | G12: 420 | H12: 0.74926398 | I12: 0.7480077 | J12: 0.53531017 | K12: 0.50994057 | L12: =IF(OR(J12="",K12=""),"",(K12-J12)*100) -> -2.5369604 | M12: 0.15455141 | N12: 0.14014407 | O12: 3 | P12: 4
A13: All houses | B13: 6M | C13: Sell-in · EAN | D13: Last year × full trend | E13: 9M | F13: 1527 | G13: 420 | H13: 0.74926398 | I13: 0.7480077 | J13: 0.50551759 | K13: 0.48924415 | L13: =IF(OR(J13="",K13=""),"",(K13-J13)*100) -> -1.6273435 | M13: 0.14996726 | N13: 0.14800262 | O13: 3 | P13: 4
... A2317: Kylie MU | B2317: 12M | C2317: 50/50 · sell-out Cascade + sell-in House | D2317: Last year × full trend | E2317: 6M | F2317: 1005 | G2317: 343 | H2317: 0.42191436 | I2317: 0.41867412 | J2317: 0.59680854 | K2317: 0.52789274 | L2317: =IF(OR(J2317="",K2317=""),"",(K2317-J2317)*100) -> -6.8915799 | M2317: 0.15223881 | N2317: 0.12437811 | O2317: 3 | P2317: 3

Sheet Matrix references
A1: House | B1: Horizon | C1: Reference | D1: Cases | E1: WAPE | F1: % met
A2: All houses | B2: 3M | C2: Common base, no trend | D2: 5099 | E2: 0.69877061 | F2: 0.14532261
A3: All houses | B3: 3M | C3: Last year, no trend | D3: 5099 | E3: 0.88898565 | F3: 0.11472838
A4: All houses | B4: 3M | C4: Consensus (scaled to the new perimeter) | D4: 5099 | E4: 0.50985574 | F4: 0.15316729
A5: All houses | B5: 6M | C5: Common base, no trend | D5: 3574 | E5: 0.68955677 | F5: 0.15528819
A6: All houses | B6: 6M | C6: Last year, no trend | D6: 3574 | E6: 0.81252386 | F6: 0.12982652
A7: All houses | B7: 6M | C7: Consensus (scaled to the new perimeter) | D7: 3574 | E7: 0.54242703 | F7: 0.13738109
A8: All houses | B8: 9M | C8: Common base, no trend | D8: 2038 | E8: 0.72718476 | F8: 0.14916585
A9: All houses | B9: 9M | C9: Last year, no trend | D9: 2038 | E9: 0.74946374 | F9: 0.13788027
A10: All houses | B10: 9M | C10: Consensus (scaled to the new perimeter) | D10: 2038 | E10: 0.57467947 | F10: 0.13444553
A11: All houses | B11: 12M | C11: Common base, no trend | D11: 506 | E11: 0.70912337 | F11: 0.14822134
A12: All houses | B12: 12M | C12: Last year, no trend | D12: 506 | E12: 0.63481741 | F12: 0.15612648
A13: All houses | B13: 12M | C13: Consensus (scaled to the new perimeter) | D13: 506 | E13: 0.67798729 | F13: 0.11857708
... A49: Kylie MU | B49: 12M | C49: Consensus (scaled to the new perimeter) | D49: 346 | E49: 0.62821033 | F49: 0.10115607
